Year,Month,ISO_A3_EH,FPV_MWh,GPV_MWh
2024,1,AGO,67884.48924026947,66071.69497570126
2024,1,ALB,186536.00803721265,189757.9261681852
2024,1,ARG,188534.97233346483,180782.72655545105
2024,1,ARM,126080.24137071734,128533.9010894044
2024,1,AUS,776557.4860860227,761786.3043241398
2024,1,AUT,100963.603005238,103905.81907946784
2024,1,AZE,299827.96803303715,301387.090051077
2024,1,BDI,1162377.35595061,1152615.8559168694
2024,1,BEL,746.6247461728935,744.5146787994961
2024,1,BEN,206048.92587760655,198189.49798900235
2024,1,BFA,40008.79754845182,37816.479524077855
2024,1,BGD,405540.149807498,402532.4010853631
2024,1,BGR,99788.92971254708,99397.17127223837
2024,1,BLR,5525.004649459294,5765.916452142499
2024,1,BOL,1646754.6385736696,1605470.7661738056
2024,1,BRA,11201089.641336547,10909747.721515696
2024,1,CAN,2363707.6655130056,2528613.016135798
2024,1,CHE,835623.2074697964,851855.962288564
2024,1,CHN,16656108.05659732,16593532.511338672
2024,1,CIV,46613.939888177774,45014.10513737116
2024,1,COD,1181803.5455637556,1177857.833945504
2024,1,COG,52975.295771651545,51663.33385374345
2024,1,COL,1058548.4578955644,1024596.8839028788
2024,1,CUB,58668.24293764579,57438.75036420133
2024,1,CZE,15109.363223946975,15053.459567741496
2024,1,DEU,317190.58152574586,326034.7684990542
2024,1,DNK,25269.10818134445,25616.89210144418
2024,1,DOM,108401.68746397152,107688.65256156142
2024,1,DZA,35325.912741286185,34491.693030333576
2024,1,ECU,88230.63799413168,88207.1364032201
2024,1,EGY,1097725.7875821316,1072569.181203836
2024,1,ESP,105537.97619267114,103588.53618431624
2024,1,EST,2038.1398521994292,2137.219636526845
2024,1,ETH,960595.2225314804,937833.8018929278
2024,1,FIN,10382.95468507636,11107.397714257168
2024,1,FRA,307584.779037755,310135.9845496274
2024,1,GBR,57090.7631670754,56762.36665638213
2024,1,GEO,15061.7934617608,15251.288205181936
2024,1,GHA,55171.71429506675,53279.99351169148
2024,1,GRC,62091.960295114026,61209.51441194293
2024,1,GTM,445157.8237989563,435605.981768389
2024,1,HKG,21254.53248617871,21425.350687528287
2024,1,HND,2264.8772104865748,2230.805868126234
2024,1,HRV,7125.1888395287215,7005.763492091601
2024,1,HTI,37269.7315233668,36807.3764254297
2024,1,HUN,134637.12091074607,132311.64478960368
2024,1,IDN,1134477.4245782432,1118641.6495741964
2024,1,IND,8230641.23982643,8069664.294811893
2024,1,IRL,55631.27864206924,55431.31668724042
2024,1,IRN,342953.3227013992,342903.48407012
2024,1,IRQ,973022.678018062,953175.7231008204
2024,1,ISR,271858.6799807143,277076.8415121942
2024,1,ITA,920039.9378055754,941282.836868355
2024,1,JOR,442671.0460911773,451815.4129308916
2024,1,JPN,1037723.1938075408,1042700.1177526924
2024,1,KAZ,3222.65302577452,3228.698378322934
2024,1,KEN,1269544.9437628728,1246967.361072018
2024,1,KGZ,141508.6156819407,148314.73916133854
2024,1,KHM,906673.554971518,876204.1056743314
2024,1,KOR,132987.43926534447,134926.95583815867
2024,1,LAO,5449.715111765884,5311.679008065711
2024,1,LBN,7250.122897540989,7166.449764747271
2024,1,LKA,637274.1350067212,628172.5445764244
2024,1,LTU,11503.707394979983,12110.290257419603
2024,1,LVA,11327.914839268376,12005.978636337935
2024,1,MAR,142921.66292897408,140857.0429059261
2024,1,MDA,15993.597047297462,16089.722420316086
2024,1,MDG,24246.31184254277,24008.242632190595
2024,1,MEX,3286215.820252891,3222259.575258975
2024,1,MKD,42771.36957414356,43641.31120087384
2024,1,MLI,425789.7045492937,400747.5674884706
2024,1,MMR,50011.84238504496,49409.4971666963
2024,1,MNE,93092.18177555522,95263.99329977712
2024,1,MOZ,631256.1680728135,627233.3611505929
2024,1,MWI,901187.4121270828,891308.6745124457
2024,1,NGA,1046400.1023771889,999366.2044644764
2024,1,NIC,615335.3997747713,595735.5867816727
2024,1,NLD,99436.9051653796,99723.77742552946
2024,1,NOR,7462.338189701434,7895.56734221238
2024,1,NPL,80202.92055445402,79200.89232308866
2024,1,NZL,544168.5999855577,530092.8362127839
2024,1,PAK,958378.0924421928,942829.700836542
2024,1,PAN,55393.596941857744,54164.58647904656
2024,1,PER,1337069.5277224574,1300520.274331445
2024,1,PHL,1749531.6897519035,1719950.2821934237
2024,1,POL,129972.04326847113,133964.18043073616
2024,1,PRI,10192.734915340478,10030.24606947838
2024,1,PRK,98212.75467363228,100268.40924327169
2024,1,PRT,18691.79433894383,18372.2628100968
2024,1,PRY,959747.7962409408,930500.254570888
2024,1,PSE,457542.8455860454,466799.4492262114
2024,1,ROU,200039.20446825936,199161.50957121456
2024,1,RUS,1497839.810510392,1572512.2653455716
2024,1,RWA,1433594.5797703108,1423498.9564234717
2024,1,SAU,73548.03743977437,70422.24356681234
2024,1,SDN,167948.2229189758,157119.56231179164
2024,1,SEN,7546.335380856935,7174.059641436986
2024,1,SLV,246366.24203043032,236456.34341180677
2024,1,SRB,44920.74557401587,44808.6046106916
2024,1,SVK,42221.17482268702,42153.82207237559
2024,1,SVN,4265.486866414394,4221.721125888697
2024,1,SWE,82736.42007214509,88439.69093535224
2024,1,SWZ,17379.46781568496,16982.305311282696
2024,1,SYR,398720.16196076,392398.3248018982
2024,1,TGO,109385.2094612168,104912.11024160968
2024,1,THA,31221.701338786024,30496.536587705123
2024,1,TJK,154330.47646370917,152424.78371244183
2024,1,TKM,7210.713678730937,7125.162732829953
2024,1,TUN,150835.80834823535,148063.7523813588
2024,1,TUR,366192.5206456932,365405.2002510429
2024,1,TWN,6342.047943791009,6309.632974736632
2024,1,TZA,1752914.3113789393,1729794.1496499754
2024,1,UGA,1949638.8482803733,1898190.999053571
2024,1,UKR,479768.5507643316,485793.9749039765
2024,1,URY,64009.90222652147,62092.783067508426
2024,1,USA,8896066.372117912,9091400.037797438
2024,1,UZB,25100.41652411952,25555.15599509887
2024,1,VEN,943329.088490691,917085.5971904484
2024,1,VNM,876443.376288358,856358.9591740522
2024,1,YEM,14151.16218523506,13702.115378950622
2024,1,ZAF,1406228.1324849434,1372468.4426517626
2024,1,ZMB,201231.24682156384,198230.1720172338
2024,1,ZWE,433923.106576649,427931.4995021883
2024,2,AGO,53374.212711953805,52162.57798654634
2024,2,ALB,298178.9540259378,298037.3994743845
2024,2,ARG,144152.42422669983,138073.11529457397
2024,2,ARM,207409.9996455654,206523.61972354449
2024,2,AUS,708507.6016115347,692583.1709150445
2024,2,AUT,164279.72153756168,163397.2108384555
2024,2,AZE,498747.717022715,492852.93102295167
2024,2,BDI,1397749.465687003,1372032.618538371
2024,2,BEL,1091.2213781585456,1073.5283704565647
2024,2,BEN,209368.991941922,201555.83821514293
2024,2,BFA,41948.70745467733,39338.73715709098
2024,2,BGD,465438.885391394,453470.3611386854
2024,2,BGR,155471.28445693606,151325.1914096485
2024,2,BLR,11776.142086545316,11969.540880850289
2024,2,BOL,1253277.7123599544,1235422.6866964642
2024,2,BRA,10530486.394047491,10247047.054975828
2024,2,CAN,5820760.516126716,6017951.1794729335
2024,2,CHE,1443991.404044971,1429660.3212184086
2024,2,CHN,18437626.25121146,18375265.95950229
2024,2,CIV,49682.77504697022,47798.73848172565
2024,2,COD,1503342.6565389046,1481501.9284644146
2024,2,COG,53215.40926705234,51594.933010732646
2024,2,COL,951769.3914813766,926106.9958337896
2024,2,CUB,68567.73201693119,67571.79763468703
2024,2,CZE,22759.950501806085,22038.551508575318
2024,2,DEU,549533.9580290185,548644.4778838577
2024,2,DNK,56412.92097149102,55925.142489184895
2024,2,DOM,124177.26451597594,123008.04648580648
2024,2,DZA,40549.99871473833,39947.57904308832
2024,2,ECU,86415.35594853162,86400.50392931662
2024,2,EGY,1373297.9061984534,1338435.8444575022
2024,2,ESP,155385.6762316292,153255.53830189782
2024,2,EST,9408.589785933127,9508.383110064971
2024,2,ETH,990578.6336027816,960043.6987727324
2024,2,FIN,95921.14444934054,97586.28109465564
2024,2,FRA,530128.6845716063,523369.55464432057
2024,2,GBR,124269.64478090416,121486.05796408089
2024,2,GEO,22774.049695850976,22545.522913381443
2024,2,GHA,57428.1967199951,55329.07753417453
2024,2,GRC,91101.7898023464,89424.57126220444
2024,2,GTM,516589.0621245199,503188.5118142784
2024,2,HKG,22840.933184102647,22734.386863708158
2024,2,HND,2745.851727465018,2710.415372918569
2024,2,HRV,11582.105037241115,11229.799255113816
2024,2,HTI,41970.3036576778,41356.94975065773
2024,2,HUN,223222.91599504332,214543.51115152004
2024,2,IDN,1221957.6380588182,1199437.7758931555
2024,2,IND,9906669.414051935,9563039.621766334
2024,2,IRL,106535.47048698434,104401.99260477078
2024,2,IRN,543968.6180810584,536222.1674782616
2024,2,IRQ,1342035.9720725704,1313178.4358899628
2024,2,ISR,346622.0691508408,349700.1837872048
2024,2,ITA,1296028.1703746028,1297970.836851935
2024,2,JOR,568812.9442486279,574448.6566532821
2024,2,JPN,1250883.059956954,1240189.3609496898
2024,2,KAZ,5942.275892664679,5949.831435153708
2024,2,KEN,1450019.513229767,1412102.0881130388
2024,2,KGZ,223043.35253413944,232986.2404157785
2024,2,KHM,980918.3495360704,937556.5613273304
2024,2,KOR,132588.2172856105,131979.94145770144
2024,2,LAO,5982.001371454781,5729.825449217227
2024,2,LBN,10849.015917876985,10681.42440863455
2024,2,LKA,832442.601128082,809470.7232309192
2024,2,LTU,26849.70361872396,27422.46405317416
2024,2,LVA,32163.285864053883,32917.17257390718
2024,2,MAR,184722.1573516663,181378.0648674456
2024,2,MDA,25876.765611653613,25447.68288946811
2024,2,MDG,23725.01487585473,23588.68128307398
2024,2,MEX,4208675.467265597,4092141.405461515
2024,2,MKD,66187.23216141376,66015.06767444598
2024,2,MLI,455074.1193553871,426420.25049774384
2024,2,MMR,61702.55482119844,59791.51744442616
2024,2,MNE,151263.58517072315,151979.1452127602
2024,2,MOZ,709680.8652651702,699784.2405402934
2024,2,MWI,1033854.223122872,1015896.8556977944
2024,2,NGA,1036032.8627621854,981700.7267108955
2024,2,NIC,712495.605930266,685750.0227854239
2024,2,NLD,167220.94505912627,164410.8019279246
2024,2,NOR,41098.47743396245,41854.52772140013
2024,2,NPL,101182.1329057866,98838.51280028575
2024,2,NZL,481702.0320559615,474564.14404592215
2024,2,PAK,1201873.7762716005,1180071.792588888
2024,2,PAN,55977.26291596999,54636.550606998215
2024,2,PER,1088352.5597733515,1067359.7790209989
2024,2,PHL,2164645.5057019866,2107528.508129336
2024,2,POL,237675.1585924324,239037.51271249703
2024,2,PRI,11177.667992947036,11002.316471474844
2024,2,PRK,117050.27690304452,116332.26313169886
2024,2,PRT,28514.39990951194,27911.399822737385
2024,2,PRY,842736.5705757374,812639.657243071
2024,2,PSE,579754.3787141171,585341.3532604239
2024,2,ROU,320124.1461094067,311012.97267391987
2024,2,RUS,4075745.9505756544,4188408.9152222327
2024,2,RWA,1725964.007980723,1699264.229837859
2024,2,SAU,87053.13375551839,84074.39574718032
2024,2,SDN,182052.90271957617,169451.08220940118
2024,2,SEN,8321.858180455389,7924.366339280514
2024,2,SLV,281716.7077559416,270314.50713952066
2024,2,SRB,78261.99934948924,75569.33978216667
2024,2,SVK,72576.57572471525,70454.59439861031
2024,2,SVN,6480.689497495694,6293.436120612063
2024,2,SWE,295358.936436848,303703.11932006874
2024,2,SWZ,15562.182616538725,15086.976117238091
2024,2,SYR,660285.6998252571,641550.295917104
2024,2,TGO,111955.36298625618,107522.29448091023
2024,2,THA,34002.43881669547,32814.409009937
2024,2,TJK,229988.49035958608,229609.13846832697
2024,2,TKM,10631.756507471891,10663.92970432818
2024,2,TUN,201650.4805818607,198051.32754135423
2024,2,TUR,641619.2270786524,630823.5244171566
2024,2,TWN,8198.957342324004,8068.346214358919
2024,2,TZA,2140102.903741815,2087920.279575236
2024,2,UGA,2045374.4346581104,1981381.918665484
2024,2,UKR,988335.7836030652,970804.0587018944
2024,2,URY,47204.23043328605,45703.46982002906
2024,2,USA,15990404.27483313,16011118.933913931
2024,2,UZB,38658.055299819134,39148.82322260998
2024,2,VEN,956858.8979806273,925266.6043434064
2024,2,VNM,1047574.8674044176,1011835.1293386868
2024,2,YEM,14673.959058402535,14012.18785159034
2024,2,ZAF,1285587.097427206,1250745.3872489568
2024,2,ZMB,262482.5743565779,251991.26269481087
2024,2,ZWE,555710.3307350659,534196.7014457423
2024,3,AGO,55331.68929569592,54125.56300743293
2024,3,ALB,476983.35635350825,472070.2420206703
2024,3,ARG,140065.59263271172,135350.631071031
2024,3,ARM,317658.06401873875,311036.39477908786
2024,3,AUS,632703.2122016329,619575.312583915
2024,3,AUT,337823.40924943826,331059.5618406083
2024,3,AZE,757674.4172609525,744988.0452542163
2024,3,BDI,1409489.385836295,1383815.6057940724
2024,3,BEL,3385.90050179297,3315.5369921006723
2024,3,BEN,244753.86778353684,234704.23840660023
2024,3,BFA,48204.56937023974,45127.963862633645
2024,3,BGD,602239.621406955,581776.1281403373
2024,3,BGR,267747.90900604473,261749.6115943866
2024,3,BLR,40939.38879323712,40681.62359711253
2024,3,BOL,1369238.7005932652,1347666.8517593904
2024,3,BRA,10434209.893029904,10162722.089162556
2024,3,CAN,10090477.17036623,10204775.196275877
2024,3,CHE,2784271.47917328,2727034.227976668
2024,3,CHN,31051598.89428894,30197530.5758164
2024,3,CIV,57077.74375865887,54858.166760862274
2024,3,COD,1602178.2709699636,1575170.073636256
2024,3,COG,54058.62743424653,52486.64902177179
2024,3,COL,1165413.2676612071,1125126.1960460409
2024,3,CUB,92932.39327357654,89400.79539820064
2024,3,CZE,70148.22164523148,67895.04205277737
2024,3,DEU,1350936.2634186526,1330884.985867214
2024,3,DNK,187388.59302853717,184009.7557610321
2024,3,DOM,154656.5970778291,151775.51971374382
2024,3,DZA,73356.56896509965,71487.95525855974
2024,3,ECU,110389.21120552983,109829.53110813673
2024,3,EGY,1966268.7895055567,1898345.3668986624
2024,3,ESP,253089.0726988304,247751.29262268217
2024,3,EST,35173.206065047176,34727.950483109904
2024,3,ETH,1111289.215527,1078928.0527580616
2024,3,FIN,398109.3687671746,392598.34869476897
2024,3,FRA,1029328.149118104,1005448.3974681394
2024,3,GBR,319364.8542030758,311558.3267829866
2024,3,GEO,35232.287464942354,34985.39674581012
2024,3,GHA,64725.08067752203,62169.30301966806
2024,3,GRC,145353.64917751637,142714.60231775194
2024,3,GTM,610746.2711064562,586946.2031670542
2024,3,HKG,27694.065278705377,27399.273092269053
2024,3,HND,3613.48418040914,3499.4706741889145
2024,3,HRV,22024.964080890302,21218.85232784843
2024,3,HTI,53142.70211933495,51708.78017929976
2024,3,HUN,420521.7795051213,405278.5520225742
2024,3,IDN,1289019.1816762383,1265722.605771834
2024,3,IND,12772849.748947402,12202285.29635919
2024,3,IRL,258849.37173991068,252989.3115417804
2024,3,IRN,866689.5243068454,852349.1863610721
2024,3,IRQ,2064600.60896373,2009057.2597421992
2024,3,ISR,559135.1451445988,554644.8213975754
2024,3,ITA,2170804.9131898643,2151412.311265226
2024,3,JOR,926445.8153225292,919003.573049462
2024,3,JPN,2096502.9889703847,2068216.0714905448
2024,3,KAZ,9304.217881225894,9228.324546628744
2024,3,KEN,1721243.2198781776,1670129.9983789965
2024,3,KGZ,381441.2384231493,385809.0060280031
2024,3,KHM,1117582.5213058798,1067144.3237079985
2024,3,KOR,284261.33632972813,279949.9645184075
2024,3,LAO,6770.8714424520085,6599.374954265773
2024,3,LBN,16755.68443547026,16407.29845991214
2024,3,LKA,1044310.9443275532,1013541.7339004382
2024,3,LTU,127682.6814888629,127191.87792327737
2024,3,LVA,146216.0384479666,145767.30085236114
2024,3,MAR,246223.18521412247,241042.65779900848
2024,3,MDA,42200.42678268279,41999.44311307395
2024,3,MDG,31071.76056019887,30700.58702762873
2024,3,MEX,5650556.284210837,5440565.917941306
2024,3,MKD,103629.79626756268,101996.31042220427
2024,3,MLI,525544.7676074395,489063.3676153895
2024,3,MMR,77250.33388076347,74327.08362701992
2024,3,MNE,244581.48421537832,242838.17712975288
2024,3,MOZ,817663.0199248033,806746.1875359582
2024,3,MWI,1091206.5996592322,1073293.4516254012
2024,3,NGA,1212129.4511965634,1145106.121173663
2024,3,NIC,848506.7693776398,807240.2972477695
2024,3,NLD,520447.61320408987,507979.3573319195
2024,3,NOR,144544.9574936899,142908.3445242424
2024,3,NPL,135361.1018981816,130295.19631915793
2024,3,NZL,382076.4856636043,381637.4955207876
2024,3,PAK,1643180.8282551868,1586883.4949791566
2024,3,PAN,68391.06624836217,66248.65946610025
2024,3,PER,1184147.2946323133,1160293.267531077
2024,3,PHL,2747737.1789182755,2669293.9466416435
2024,3,POL,839525.2280670346,831658.0711823852
2024,3,PRI,15403.607265698907,15038.65941711407
2024,3,PRK,209273.26176764112,205326.8914151624
2024,3,PRT,41251.62069296858,40531.4688033198
2024,3,PRY,800673.5810499846,772214.2119248704
2024,3,PSE,936034.4535135454,928196.2005157098
2024,3,ROU,508204.2117767592,499276.9142441661
2024,3,RUS,9492814.36235434,9478841.566906316
2024,3,RWA,1900940.0269424105,1866634.2642917607
2024,3,SAU,112653.45958017014,107470.5929579402
2024,3,SDN,216675.51207559177,200468.16780651055
2024,3,SEN,10712.537206651614,10318.173221161034
2024,3,SLV,307246.87180887454,292538.6364503097
2024,3,SRB,131601.58318741503,126557.78190439656
2024,3,SVK,170065.62628254018,164259.72634563776
2024,3,SVN,12027.531562541084,11604.516045645583
2024,3,SWE,1074076.1556627995,1070022.694082857
2024,3,SWZ,13411.764974935728,13058.819451022731
2024,3,SYR,1048998.1770654782,1021861.6822420784
2024,3,TGO,129450.83292476396,123939.89991920206
2024,3,THA,39408.87214912646,38033.15950252862
2024,3,TJK,393560.5046771182,391374.3745789513
2024,3,TKM,17436.548466002907,17270.264341123417
2024,3,TUN,377761.9745649817,365414.68746555096
2024,3,TUR,1075971.2027576622,1055291.4903479796
2024,3,TWN,8855.300103432015,8793.839296541002
2024,3,TZA,2307964.166853012,2244836.753309465
2024,3,UGA,2502226.2165706507,2410954.0885816272
2024,3,UKR,2040645.8840733625,2012469.112489933
2024,3,URY,39693.460152462096,39019.97897506454
2024,3,USA,23693889.90832324,23457281.142997883
2024,3,UZB,68383.85552373929,67710.11938585801
2024,3,VEN,1248323.1156877363,1192810.4344431488
2024,3,VNM,1282523.6016658477,1239194.7457544894
2024,3,YEM,16324.886217519714,15580.494245462947
2024,3,ZAF,1181132.5360091992,1149016.9184008029
2024,3,ZMB,243755.21190162824,235109.18892625417
2024,3,ZWE,504060.85951370775,486733.964132782
2024,4,AGO,53655.692097090345,52409.77098493655
2024,4,ALB,719530.1361884248,698907.9140011611
2024,4,ARG,88423.19233373551,86723.29930177757
2024,4,ARM,432063.9580882405,409689.9787180428
2024,4,AUS,447646.6518764407,445337.2406409499
2024,4,AUT,522659.3452990333,508194.6102549584
2024,4,AZE,1129946.5099551645,1065685.0924404403
2024,4,BDI,1111062.5202220136,1101187.6947353545
2024,4,BEL,5621.936747378217,5549.984337433367
2024,4,BEN,226494.3590438541,217845.74784215496
2024,4,BFA,45501.76393989641,42823.96521889878
2024,4,BGD,648608.3481510916,616285.6563734423
2024,4,BGR,387807.1175157581,370118.3301978541
2024,4,BLR,53461.71033875332,52604.2369068999
2024,4,BOL,1265236.1304562676,1243766.012246017
2024,4,BRA,8675135.124546772,8481386.855110798
2024,4,CAN,13414562.0284448,13006818.974288804
2024,4,CHE,4301056.433868165,4202467.024083152
2024,4,CHN,30889307.686577708,29558663.471039243
2024,4,CIV,53529.0632016758,51477.83334829297
2024,4,COD,1275922.5927423215,1265874.348297555
2024,4,COG,48433.97512680384,47046.04945115524
2024,4,COL,998193.521351372,971416.9828232424
2024,4,CUB,103558.28273345056,101221.435614705
2024,4,CZE,111312.39908535256,108019.1961503123
2024,4,DEU,2116637.438997717,2071601.1800404
2024,4,DNK,355370.5807609681,346697.6333209893
2024,4,DOM,152940.58686719878,150705.93307720622
2024,4,DZA,94161.35449557236,91413.39372810182
2024,4,ECU,95362.82466764616,95191.5095238858
2024,4,EGY,2263756.4725622246,2160792.6998933884
2024,4,ESP,347748.6225917378,339247.3794059778
2024,4,EST,59695.33230884351,58654.736386291406
2024,4,ETH,1001348.1717691316,981170.5671707656
2024,4,FIN,742406.1040377665,718417.9166623323
2024,4,FRA,1572296.1308793237,1528991.7555782264
2024,4,GBR,572657.2941534271,559757.9167333003
2024,4,GEO,51303.85570939685,49087.1112319074
2024,4,GHA,59686.41094003296,57421.61804672585
2024,4,GRC,206945.1528306628,199570.64365160733
2024,4,GTM,590936.9071212284,572124.7780306408
2024,4,HKG,31674.957026057647,30660.349898462388
2024,4,HND,3471.963805300676,3401.236620020069
2024,4,HRV,34388.33059732588,32844.143297330265
2024,4,HTI,52806.76999671676,51597.74631882685
2024,4,HUN,634205.3829081049,608545.0071022841
2024,4,IDN,1210238.5327387014,1189718.973767611
2024,4,IND,13257342.82260749,12562666.896871813
2024,4,IRL,472524.33146035456,462224.096344977
2024,4,IRN,1117945.4818660866,1052831.844864101
2024,4,IRQ,2592835.403238905,2450631.786269328
2024,4,ISR,674206.446615247,656708.3574161021
2024,4,ITA,3723540.327938959,3650767.541734867
2024,4,JOR,1121126.2285535242,1091788.55829836
2024,4,JPN,2322447.794353038,2222084.1792644304
2024,4,KAZ,13194.93610063791,12921.326736321444
2024,4,KEN,1260634.8944616662,1239012.9685582097
2024,4,KGZ,450901.9267667416,445528.6026968062
2024,4,KHM,1211982.815786597,1144541.1466650297
2024,4,KOR,293114.3448011638,281365.9589196485
2024,4,LAO,7522.934031984832,7103.1290720237175
2024,4,LBN,20534.993358275657,19744.12191380775
2024,4,LKA,984600.9846675016,960913.3539025187
2024,4,LTU,177990.86530192813,176242.04312954412
2024,4,LVA,218020.44650100445,215647.14175510345
2024,4,MAR,327061.1272464171,314824.1817771451
2024,4,MDA,70582.7567065815,67524.08878459389
2024,4,MDG,27815.635394176094,27238.29850034325
2024,4,MEX,5855148.660352141,5628557.171920993
2024,4,MKD,155089.27506241068,148764.47560554484
2024,4,MLI,514044.0227936797,481063.5652528553
2024,4,MMR,75987.61606767333,72532.63957617486
2024,4,MNE,377594.1122940288,368162.8547484662
2024,4,MOZ,828445.203027175,821568.4822018909
2024,4,MWI,982540.5431266116,972322.2161292376
2024,4,NGA,1139380.419050956,1080457.4218231228
2024,4,NIC,795315.7836278862,764621.4495164212
2024,4,NLD,930612.125374697,910586.31607783
2024,4,NOR,334349.30676095164,325144.6438254121
2024,4,NPL,161256.44005146608,151842.13286858643
2024,4,NZL,227520.82037262275,227722.19156289875
2024,4,PAK,1840810.611544678,1767261.4872841423
2024,4,PAN,58785.193430732186,57609.17846861264
2024,4,PER,1106446.2944009583,1085519.9027291203
2024,4,PHL,2840176.779696206,2736511.889180471
2024,4,POL,1347325.1437777835,1328592.05501515
2024,4,PRI,14749.822319717405,14516.890731771578
2024,4,PRK,249011.05285242392,238270.74105429303
2024,4,PRT,64962.96965364928,62600.84289512485
2024,4,PRY,563899.0892988617,545430.1517810591
2024,4,PSE,1127425.6877522296,1097735.0818006564
2024,4,ROU,799747.7461431678,764136.059626255
2024,4,RUS,14302561.625321928,13721945.719802087
2024,4,RWA,1461289.963057834,1449902.0304077936
2024,4,SAU,126708.7773042152,120685.5242093644
2024,4,SDN,225654.9720095,207782.0572597046
2024,4,SEN,11139.701663329244,10616.279043209068
2024,4,SLV,287267.92958491744,275907.52556275687
2024,4,SRB,204926.997926038,194029.86267661623
2024,4,SVK,254766.9804473632,244596.3123087393
2024,4,SVN,19328.63133062427,18515.305909747865
2024,4,SWE,2235805.4037579247,2187039.4939125488
2024,4,SWZ,11186.823673386689,11027.118720686392
2024,4,SYR,1332797.6096140244,1260383.6613563616
2024,4,TGO,117579.2421968666,112888.39072992634
2024,4,THA,44655.84380582485,42654.16032915357
2024,4,TJK,468850.8276561093,461337.153845887
2024,4,TKM,20484.001573517027,20001.181180022748
2024,4,TUN,462478.3094827664,450818.2998968207
2024,4,TUR,1386308.5935601946,1329091.3427511298
2024,4,TWN,10172.489362887882,9878.925291333991
2024,4,TZA,1862973.504217088,1833843.620553461
2024,4,UGA,2014016.22739596,1965953.8584612296
2024,4,UKR,3500363.532925659,3317227.27817306
2024,4,URY,24519.391130956275,24228.200094688764
2024,4,USA,30149355.915443044,29256403.464066003
2024,4,UZB,80268.92797427776,78437.67617021437
2024,4,VEN,1083535.8022767026,1043755.848714459
2024,4,VNM,1448406.8469259448,1379649.6674384514
2024,4,YEM,16994.55116796785,16186.138644297984
2024,4,ZAF,859179.3577081911,848173.7937470905
2024,4,ZMB,179038.03814851597,176313.65239863054
2024,4,ZWE,380585.4789033148,373536.4473804071
2024,5,AGO,56488.88988969036,54961.243318536646
2024,5,ALB,727073.4601926437,715016.898331921
2024,5,ARG,63022.76214641094,63293.517764289456
2024,5,ARM,378006.35212439,368372.5200401133
2024,5,AUS,320324.1026642188,317357.3237542973
2024,5,AUT,534005.6366442206,517702.4676539759
2024,5,AZE,1048240.4764160723,1017409.094630208
2024,5,BDI,1290546.710700546,1269497.9879590007
2024,5,BEL,6586.065009577693,6412.26827623186
2024,5,BEN,212873.5958723757,205955.35310051608
2024,5,BFA,47482.515386784304,45025.61218571814
2024,5,BGD,543146.7569337984,524690.9157324451
2024,5,BGR,419064.8577914346,410281.4658044243
2024,5,BLR,98176.27458245786,94931.02767306742
2024,5,BOL,1139990.9315341625,1124563.5964681325
2024,5,BRA,8055214.301514099,7879606.995798799
2024,5,CAN,16619175.483020458,15865991.94709328
2024,5,CHE,4268637.628162097,4171839.547291388
2024,5,CHN,38341895.45091316,37008777.47149787
2024,5,CIV,47535.34057617634,45986.79568109054
2024,5,COD,1428079.8169644382,1410506.682856453
2024,5,COG,46841.54231279968,45614.26030338359
2024,5,COL,844019.5396606909,828713.967476731
2024,5,CUB,109662.51041759294,105973.2461893118
2024,5,CZE,120765.5903104893,116571.27015826471
2024,5,DEU,2496229.934945445,2420068.22056636
2024,5,DNK,568710.4780404628,542070.4451113297
2024,5,DOM,158127.03508966597,155537.1365657047
2024,5,DZA,108512.18589276516,105178.43328148437
2024,5,ECU,86639.65171333986,86732.52765691643
2024,5,EGY,2442727.58033064,2332891.5081721363
2024,5,ESP,403730.42566057865,394238.66622337257
2024,5,EST,130962.36871318171,124717.69119816588
2024,5,ETH,1030906.6854690677,1010103.5348193494
2024,5,FIN,1800283.9955548574,1688400.4608026235
2024,5,FRA,1612565.040450033,1569202.233701437
2024,5,GBR,755505.5998745187,731592.3648510501
2024,5,GEO,42183.04422846074,41614.58370340208
2024,5,GHA,53479.45859286444,51808.16188835585
2024,5,GRC,216548.6598721466,212626.413895433
2024,5,GTM,623586.8432508479,601728.4697576201
2024,5,HKG,28422.801839455948,28183.890335077354
2024,5,HND,3900.3192027564646,3764.787926738883
2024,5,HRV,36122.30697508652,34605.80533607974
2024,5,HTI,53629.44240306568,52385.849717961246
2024,5,HUN,729199.2429073091,695851.0827455984
2024,5,IDN,1174253.3833973932,1156295.0673572652
2024,5,IND,12678455.468384156,12093987.424689924
2024,5,IRL,596182.2431453363,579422.6184669635
2024,5,IRN,1007818.3685811496,981228.9621773676
2024,5,IRQ,2758935.828857556,2621831.76622856
2024,5,ISR,765422.3589638642,749575.8998793983
2024,5,ITA,3557269.5161965094,3503906.413387144
2024,5,JOR,1282882.481250541,1254863.7858553126
2024,5,JPN,2653936.415581786,2572304.66336445
2024,5,KAZ,14489.29808685793,14286.727117899643
2024,5,KEN,1308856.246211902,1280050.9651039252
2024,5,KGZ,502409.4666737578,491876.4803601982
2024,5,KHM,1047862.2052212948,1010235.4787287106
2024,5,KOR,367507.2974741478,355805.3251209594
2024,5,LAO,6046.492341287264,5940.772315826951
2024,5,LBN,23927.30740505001,23206.830813479657
2024,5,LKA,800375.3919596379,787056.4154819879
2024,5,LTU,336916.4698719486,326304.16484786465
2024,5,LVA,426517.57775194506,411884.40549722855
2024,5,MAR,355772.3029234656,342485.16324000445
2024,5,MDA,86545.22980142175,83761.38784255822
2024,5,MDG,24094.71245194656,23724.89629606926
2024,5,MEX,6340933.756361349,6008363.822635016
2024,5,MKD,153585.2268857332,149773.9346314954
2024,5,MLI,529981.4618491678,499409.1335064783
2024,5,MMR,61834.71997359836,60209.96898303261
2024,5,MNE,382687.7120315386,376885.0116850674
2024,5,MOZ,771112.4364827673,768531.6010170168
2024,5,MWI,940421.092873339,933848.3821033244
2024,5,NGA,1114155.0397372446,1065817.2165996428
2024,5,NIC,751425.5983632844,726606.8407306109
2024,5,NLD,1267785.8958535348,1222218.758390765
2024,5,NOR,529618.6364879905,502484.9333089896
2024,5,NPL,154076.1952057294,145597.70214361182
2024,5,NZL,170713.8104420724,172999.69273798208
2024,5,PAK,2371611.3250578097,2220419.0556058977
2024,5,PAN,55858.96883592184,54922.74583866681
2024,5,PER,1010658.9836264076,996614.3511891172
2024,5,PHL,2638183.507982556,2553429.469565417
2024,5,POL,2110656.29271069,2040527.564452392
2024,5,PRI,15709.350981344223,15351.406866716625
2024,5,PRK,251229.34627164408,242833.3257173576
2024,5,PRT,74852.07518662703,72503.27190282366
2024,5,PRY,389714.064818924,382688.2697504532
2024,5,PSE,1279705.3859282965,1251881.3973705613
2024,5,ROU,882170.8871472277,859051.7173325983
2024,5,RUS,19990475.07921439,19284124.18059972
2024,5,RWA,1641275.0905423712,1616210.5927632905
2024,5,SAU,134164.37138376333,127951.340428037
2024,5,SDN,227029.9048150768,210079.0389171565
2024,5,SEN,11277.684081674017,10814.146154903545
2024,5,SLV,280614.7647598349,270324.850263448
2024,5,SRB,205899.9001039776,198471.73839628123
2024,5,SVK,310417.6994926624,297285.0602975259
2024,5,SVN,18951.46208767749,18272.56337880997
2024,5,SWE,4054301.667887461,3847882.980669852
2024,5,SWZ,11257.760453808092,11028.963548110036
2024,5,SYR,1419962.875609684,1359665.7215529366
2024,5,TGO,113302.82760909371,109232.55917259552
2024,5,THA,37411.31692068301,36377.75034115462
2024,5,TJK,577404.1853055708,563988.097083412
2024,5,TKM,20862.08171176591,20646.30069079513
2024,5,TUN,510909.9738591128,494076.7388772703
2024,5,TUR,1477645.604463104,1447809.8394023257
2024,5,TWN,8151.6723967041235,8188.421270983878
2024,5,TZA,2051562.6781789025,2008768.544825181
2024,5,UGA,2054311.728758618,1996417.803924215
2024,5,UKR,4788961.42034963,4597343.860460576
2024,5,URY,16348.86314932888,16389.78853213749
2024,5,USA,35323085.91957376,34043453.87904167
2024,5,UZB,93277.7834148605,90992.34757607635
2024,5,VEN,1001919.9877581084,973083.91927533
2024,5,VNM,1226412.3814279698,1195055.996902925
2024,5,YEM,18339.16080218728,17300.835640204008
2024,5,ZAF,804865.8861386718,788489.383717529
2024,5,ZMB,186613.3451574445,184250.5128312577
2024,5,ZWE,405382.3238745941,397741.09395493375
2024,6,AGO,46642.42058413571,45790.33741679424
2024,6,ALB,867449.6519447325,830571.130448849
2024,6,ARG,55362.72110183817,54403.87199790823
2024,6,ARM,433167.902840834,419931.8272906965
2024,6,AUS,259796.02587585847,259330.3825429801
2024,6,AUT,517585.0893589167,501081.7002283798
2024,6,AZE,1213456.5436566484,1154401.8260547111
2024,6,BDI,1274199.8593347685,1249220.781336384
2024,6,BEL,7084.90888159015,6975.253585912926
2024,6,BEN,170436.00070739508,166236.23612313866
2024,6,BFA,43837.75151883382,42104.793187021336
2024,6,BGD,411613.5057043752,400238.6653363311
2024,6,BGR,513274.0409743484,490328.1113105749
2024,6,BLR,89849.47283761125,87947.9423588028
2024,6,BOL,1004773.9536604156,991977.3007351988
2024,6,BRA,7666388.781187727,7491732.643254745
2024,6,CAN,15637739.235021858,15077643.080368685
2024,6,CHE,4284165.262917707,4170331.95174165
2024,6,CHN,30709661.29980565,29754749.48821528
2024,6,CIV,36937.0132416213,35997.354648268
2024,6,COD,1440419.54702578,1420622.6856032736
2024,6,COG,35252.565582935844,34613.99778399991
2024,6,COL,822370.6086409361,808609.9089104184
2024,6,CUB,82627.96638714282,81124.8802069362
2024,6,CZE,129057.10822413872,125022.75980190332
2024,6,DEU,2425797.8538375506,2353589.5961476886
2024,6,DNK,543115.4693653025,531167.5723341622
2024,6,DOM,153601.7344540503,151176.12553578263
2024,6,DZA,109342.66275194428,104525.03568720674
2024,6,ECU,81541.09141046794,81576.71751705837
2024,6,EGY,2389748.175831717,2250538.678807772
2024,6,ESP,379064.89880631457,368347.6341280947
2024,6,EST,117992.1902840637,114658.15300893088
2024,6,ETH,892390.3751422652,878760.7074046347
2024,6,FIN,1631470.908207348,1554816.8781540182
2024,6,FRA,1693041.5660902958,1637156.5217859112
2024,6,GBR,791121.2955951951,775648.3806072087
2024,6,GEO,54458.5144531452,53259.84940624095
2024,6,GHA,41136.50504720869,40157.86971823564
2024,6,GRC,255617.18591531957,242593.7037516263
2024,6,GTM,355458.2733708541,351316.96801617794
2024,6,HKG,29887.821417475978,29491.824082917858
2024,6,HND,2782.436855034909,2731.879697983325
2024,6,HRV,38786.02832363349,36828.85987535177
2024,6,HTI,51855.47037284707,50732.776213793295
2024,6,HUN,742996.9754147681,707415.2425129537
2024,6,IDN,1020746.6477593736,1007755.1729543564
2024,6,IND,9681971.84240795,9348860.395948512
2024,6,IRL,603729.6795293865,593058.7356668928
2024,6,IRN,1134384.4345493224,1082452.04961241
2024,6,IRQ,2823737.937435945,2596236.845842032
2024,6,ISR,785317.1500716478,751391.5309040846
2024,6,ITA,4075068.4802949,3963439.59975733
2024,6,JOR,1319207.3181312843,1261035.7159133554
2024,6,JPN,2464706.1336955098,2398951.437392905
2024,6,KAZ,17365.9235151585,16888.77094634221
2024,6,KEN,1237358.2474725556,1210816.171904015
2024,6,KGZ,529687.7854643752,517493.6680602699
2024,6,KHM,929619.140784674,901916.9206463016
2024,6,KOR,341738.08800276695,332753.7524033795
2024,6,LAO,5585.029332530019,5517.506941620673
2024,6,LBN,24847.391213027506,23417.41692894445
2024,6,LKA,825574.4855989271,807283.8436629564
2024,6,LTU,293588.28110806324,288544.028209889
2024,6,LVA,394638.6096674501,385875.69983457815
2024,6,MAR,346986.48607597046,332751.0957809014
2024,6,MDA,89490.74260851483,86050.97560911188
2024,6,MDG,21922.8236738651,21415.08629336232
2024,6,MEX,4813816.514346904,4654409.022031879
2024,6,MKD,190655.3832509512,179939.31626707778
2024,6,MLI,475564.3249574455,456586.0725810791
2024,6,MMR,35759.072787720506,35576.23065624207
2024,6,MNE,450744.8696487444,433241.4202450096
2024,6,MOZ,696481.097483106,695708.6258953298
2024,6,MWI,821053.5992930898,817886.1412799082
2024,6,NGA,979476.4254604896,947204.5411149962
2024,6,NIC,494352.08230386575,486063.6060251185
2024,6,NLD,1287120.2609172417,1258875.868192556
2024,6,NOR,476908.587847672,458939.233151198
2024,6,NPL,130431.59031269152,124345.38843167032
2024,6,NZL,110185.45857359946,110855.33679951658
2024,6,PAK,2159008.618992142,2022482.362844992
2024,6,PAN,48848.96336208811,48143.1095456145
2024,6,PER,891191.5133323867,880521.5360486655
2024,6,PHL,2054366.5759785236,2009546.8201235533
2024,6,POL,1807746.498792554,1763620.594362665
2024,6,PRI,15162.1294685636,14840.81141207895
2024,6,PRK,277649.58260569006,268739.4396642131
2024,6,PRT,71282.39841648242,68589.77314838408
2024,6,PRY,377068.8912537513,367264.7328817833
2024,6,PSE,1309494.8829134486,1252103.2295153008
2024,6,ROU,1064103.47043463,1013813.9885560168
2024,6,RUS,19014436.86784786,18187021.72537205
2024,6,RWA,1620407.4792980377,1590126.6822262278
2024,6,SAU,123726.51356468674,116509.59816417332
2024,6,SDN,196513.2295629856,182966.75899193695
2024,6,SEN,10383.41454652714,10147.324429045511
2024,6,SLV,177080.3804767221,173454.8835594457
2024,6,SRB,255893.62163439053,241255.8383094444
2024,6,SVK,297168.18083550734,286389.3562484843
2024,6,SVN,21028.33136427828,20092.187733452025
2024,6,SWE,3684167.187589506,3509634.38024921
2024,6,SWZ,9429.26678565087,9206.701772683173
2024,6,SYR,1547010.0903444765,1422252.5650371688
2024,6,TGO,89938.75397943326,87422.15047025774
2024,6,THA,32616.963134801827,31887.28678667932
2024,6,TJK,618287.6951094931,592491.8164927973
2024,6,TKM,23643.904911077447,22796.67628301149
2024,6,TUN,515353.9813112426,492659.6597536208
2024,6,TUR,1790918.4030260388,1700865.5271146712
2024,6,TWN,8590.620653863378,8590.519580121047
2024,6,TZA,1995337.8838630908,1953062.454250642
2024,6,UGA,1923917.1663797088,1869712.6315203067
2024,6,UKR,4419188.414738691,4234936.137105948
2024,6,URY,13876.36675927866,13770.624860483316
2024,6,USA,34885848.414867856,33640935.75499343
2024,6,UZB,106186.18652230332,102464.00179084986
2024,6,VEN,902121.6281044072,886191.7028007715
2024,6,VNM,1127872.8540291856,1103100.9333535898
2024,6,YEM,16241.336975110624,15221.32255293688
2024,6,ZAF,626006.5726039114,617638.9959121178
2024,6,ZMB,156643.7039779105,155202.16557019425
2024,6,ZWE,325243.13906859845,320105.7060949346
2024,7,AGO,42359.72005973961,41671.34437492008
2024,7,ALB,875026.1130963498,843276.149971573
2024,7,ARG,68691.43557025341,67738.94374226865
2024,7,ARM,394590.8450850076,385235.9702772845
2024,7,AUS,293271.6012280965,291657.98691124585
2024,7,AUT,577448.1945495906,560590.4117159839
2024,7,AZE,1167685.6621563197,1117184.406600206
2024,7,BDI,1404027.822243887,1362788.456236794
2024,7,BEL,7275.494458617777,7064.999538216263
2024,7,BEN,162039.04693437988,157973.32968538307
2024,7,BFA,34149.79425643643,33491.62642611341
2024,7,BGD,338295.4679579723,332073.03253199265
2024,7,BGR,507219.0541667931,485373.4044102849
2024,7,BLR,84279.38689699052,81881.38509534532
2024,7,BOL,1112246.3110502844,1095122.2837408236
2024,7,BRA,8528159.32458795,8317542.557376143
2024,7,CAN,16904922.33342133,16408598.486487951
2024,7,CHE,5061512.475701151,4917877.699044936
2024,7,CHN,31253814.84869134,30131874.011114437
2024,7,CIV,45455.089208152975,44063.86281851968
2024,7,COD,1531335.76073268,1499664.314074769
2024,7,COG,39026.719054009314,38287.33136575512
2024,7,COL,967036.9902458536,943817.6952995538
2024,7,CUB,108430.24074413748,105377.56607581356
2024,7,CZE,130639.2597068384,126458.29152664306
2024,7,DEU,2638405.3397969506,2552195.2676055976
2024,7,DNK,507272.3318286505,491263.7826867524
2024,7,DOM,162670.17741887702,160072.02892310615
2024,7,DZA,112481.07573693704,107035.9010028732
2024,7,ECU,101956.47482216483,101286.3910091152
2024,7,EGY,2386519.092165479,2263183.181760273
2024,7,ESP,419965.142247091,404370.0657162399
2024,7,EST,99510.44871266822,96111.67964797262
2024,7,ETH,751115.6016956784,743741.729096631
2024,7,FIN,1197042.7704318378,1154272.6591501168
2024,7,FRA,1956550.0155167857,1885371.555754528
2024,7,GBR,714671.102949344,696789.3047472157
2024,7,GEO,48497.552362636656,47775.00606100271
2024,7,GHA,45118.41088596342,43893.03408027261
2024,7,GRC,247599.9222921648,237090.93416541
2024,7,GTM,507404.4776154084,499495.88235957234
2024,7,HKG,36568.5691791279,35888.52861070114
2024,7,HND,3068.635758735464,3031.013671484199
2024,7,HRV,41902.07936817387,39564.64536780424
2024,7,HTI,55154.86511881577,53913.586560034135
2024,7,HUN,806475.1881902679,764109.6597995639
2024,7,IDN,1143406.805319894,1124935.6099445897
2024,7,IND,6405357.649445306,6337472.967172907
2024,7,IRL,542698.4748033714,530241.9575216037
2024,7,IRN,1117524.20979028,1072509.5891121544
2024,7,IRQ,2853752.561440576,2649112.132782367
2024,7,ISR,777728.1211348933,753193.4978080005
2024,7,ITA,4397414.581740324,4260365.462510019
2024,7,JOR,1309139.5066972512,1266444.647891039
2024,7,JPN,2413759.417944693,2317381.6599130896
2024,7,KAZ,17365.848392360534,16874.227445023324
2024,7,KEN,1145134.9485184092,1119538.3190206126
2024,7,KGZ,537392.0741134996,526610.5023855708
2024,7,KHM,716114.7263676273,704475.2649505108
2024,7,KOR,227810.72586294325,221949.4973810761
2024,7,LAO,4013.828693820807,4027.679524521528
2024,7,LBN,24966.66063489276,23931.3410686197
2024,7,LKA,909788.240727164,885624.4551578208
2024,7,LTU,271616.5077742773,264122.1840363781
2024,7,LVA,341269.94090877275,330915.67205703707
2024,7,MAR,359612.5697003767,342748.3501528185
2024,7,MDA,92601.1435153842,88075.8767334102
2024,7,MDG,26500.888616825123,25772.91315082339
2024,7,MEX,4479002.58461479,4421823.621034923
2024,7,MKD,187067.76920804885,178369.6421806798
2024,7,MLI,384326.6552781474,375870.667793572
2024,7,MMR,30847.430074736763,30704.72733421645
2024,7,MNE,460790.4473807493,445279.9520017726
2024,7,MOZ,820472.4602629176,811038.3027572542
2024,7,MWI,996755.4756098994,981184.382697218
2024,7,NGA,840741.1684871365,824912.9903416894
2024,7,NIC,643489.3447724102,629879.0564565889
2024,7,NLD,1272083.1526709113,1227509.8599307805
2024,7,NOR,386234.547893647,368971.0060404065
2024,7,NPL,79187.19268748467,77730.71215818668
2024,7,NZL,135594.1366732276,136257.1256687403
2024,7,PAK,1762862.815990436,1688097.4361812335
2024,7,PAN,48865.51689339255,48171.84935550118
2024,7,PER,1003951.9476868268,988727.1211792108
2024,7,PHL,1769272.3780299814,1740938.0264831453
2024,7,POL,1829325.4074235912,1775916.1274511328
2024,7,PRI,15602.927734613417,15256.194414240514
2024,7,PRK,165596.37922305983,161681.36963234213
2024,7,PRT,83259.56301077743,79955.07000973861
2024,7,PRY,376320.4906934562,371094.779917228
2024,7,PSE,1298441.4279822556,1256492.2410278786
2024,7,ROU,1050208.376846654,998770.6953288944
2024,7,RUS,19137807.619300168,18406863.30103888
2024,7,RWA,1672824.813894731,1628034.850571388
2024,7,SAU,121840.1872830111,115154.3313864811
2024,7,SDN,181901.78285895375,172109.3382835118
2024,7,SEN,8584.420414114751,8400.556504930288
2024,7,SLV,282930.685962532,274281.99978133326
2024,7,SRB,256176.3624244943,242730.88040251425
2024,7,SVK,325680.64723524824,312533.2349077788
2024,7,SVN,22699.535892894422,21618.88827904384
2024,7,SWE,3109193.830840789,2982839.804124841
2024,7,SWZ,10672.741760141407,10262.119195108144
2024,7,SYR,1532914.4292188257,1434952.676924945
2024,7,TGO,90681.19408636465,88098.81068202735
2024,7,THA,25511.397630198426,25257.8083292828
2024,7,TJK,641455.346172888,613617.4593626453
2024,7,TKM,25085.29768920252,24026.567553084307
2024,7,TUN,544581.4977029985,518685.73488115286
2024,7,TUR,1682506.9986263406,1615909.8711078006
2024,7,TWN,9478.89359409266,9450.744617974353
2024,7,TZA,2151560.883245161,2095770.4831961647
2024,7,UGA,1819927.8693631643,1771228.804086333
2024,7,UKR,4829415.025826632,4585368.169569479
2024,7,URY,20462.776349468084,20329.174016001893
2024,7,USA,35457503.60987633,34318488.1335498
2024,7,UZB,109944.11499825068,106000.61966707416
2024,7,VEN,974322.535280685,958375.7348612684
2024,7,VNM,959960.931960554,947273.6828297224
2024,7,YEM,14811.305487451848,13949.93938303578
2024,7,ZAF,753838.7959486023,734370.2425455712
2024,7,ZMB,190582.33262754595,185725.4684632174
2024,7,ZWE,404601.49828009,390718.93854654377
2024,8,AGO,47793.63919810619,46680.68970030666
2024,8,ALB,760186.2041002945,739260.0486273462
2024,8,ARG,85780.95597818779,83946.97396148011
2024,8,ARM,388098.7753649342,378737.2302692094
2024,8,AUS,429574.5719010884,420590.5309543802
2024,8,AUT,532044.300382084,520536.0757595946
2024,8,AZE,1138245.9090461386,1079753.61366039
2024,8,BDI,1506437.7611673512,1459846.854950193
2024,8,BEL,6532.431953395213,6414.498910977271
2024,8,BEN,188410.74092003703,183020.21279949427
2024,8,BFA,31267.51958969525,30698.570046950223
2024,8,BGD,285031.6964338851,282066.3996472596
2024,8,BGR,438958.15936529153,423452.68775425415
2024,8,BLR,74141.78652741335,72651.61254340806
2024,8,BOL,1357965.0024795504,1324921.777733388
2024,8,BRA,10761445.882131154,10375212.758844882
2024,8,CAN,13860358.500223154,13684000.160969082
2024,8,CHE,4567634.424344183,4464635.684260983
2024,8,CHN,34902357.31747788,33932955.778762765
2024,8,CIV,41648.17914542957,40391.6348169892
2024,8,COD,1656589.1645307436,1621669.4234834271
2024,8,COG,44594.913323427376,43666.44928173922
2024,8,COL,1014752.5625066163,990528.5832775764
2024,8,CUB,98374.27167643522,96037.40815566386
2024,8,CZE,112548.62920735736,109414.80249568024
2024,8,DEU,2289707.945353265,2241965.16735526
2024,8,DNK,433057.9131079017,423527.96419048304
2024,8,DOM,170689.634117386,167557.9178519814
2024,8,DZA,99152.70181651007,94789.32089667924
2024,8,ECU,116437.69911014888,115444.40766961862
2024,8,EGY,2249543.1260217605,2154256.825615651
2024,8,ESP,357502.2843800187,345841.6833633684
2024,8,EST,82990.8607218308,80898.52652187206
2024,8,ETH,813878.4083538214,805373.7370685923
2024,8,FIN,934452.9894580316,912270.6692827892
2024,8,FRA,1758674.096681862,1705179.32315947
2024,8,GBR,591864.7043662263,581381.6840247865
2024,8,GEO,49026.238994309846,48064.49633733904
2024,8,GHA,51197.06158337616,49627.19251592259
2024,8,GRC,216409.37487248413,208931.2733704418
2024,8,GTM,510931.2617690898,503468.7820325532
2024,8,HKG,32955.91885440687,32316.040851455826
2024,8,HND,3295.8830874132773,3254.698564846939
2024,8,HRV,36556.92088965929,34830.107021836324
2024,8,HTI,57277.58267080091,55871.21719693942
2024,8,HUN,688391.3700624424,657249.8736118919
2024,8,IDN,1380015.707909441,1351244.265739806
2024,8,IND,6945930.338815874,6843943.084021977
2024,8,IRL,471067.0996619185,464219.94236385246
2024,8,IRN,1047076.8184030042,994429.0897492846
2024,8,IRQ,2753744.1577544548,2546891.31757086
2024,8,ISR,734436.7877482509,719450.696872497
2024,8,ITA,3934420.219642,3840643.928658212
2024,8,JOR,1237954.2241906105,1211695.9353361877
2024,8,JPN,2437050.4612174225,2374070.6691375715
2024,8,KAZ,16292.568494895748,15898.708728140982
2024,8,KEN,1339765.2546264243,1305949.80526878
2024,8,KGZ,477528.9114754111,471614.8148556598
2024,8,KHM,1042971.8533459458,1010098.4985609716
2024,8,KOR,302615.4642905291,294279.6293510158
2024,8,LAO,5822.561772056719,5718.277256439802
2024,8,LBN,23543.64906191799,22627.95241969792
2024,8,LKA,865103.6230570994,843543.0440126334
2024,8,LTU,242121.89114401743,237999.25441904852
2024,8,LVA,311364.69648042787,304689.7386817265
2024,8,MAR,327240.7198838796,313250.6461652099
2024,8,MDA,78454.56838849215,75452.27364135023
2024,8,MDG,30524.32237037508,29776.644530786056
2024,8,MEX,4638309.167580985,4562020.573415145
2024,8,MKD,162798.67927469555,156961.7913030411
2024,8,MLI,348384.35026774433,341933.9313810305
2024,8,MMR,33456.15967453122,33290.070201535054
2024,8,MNE,399046.1860819311,389292.298745049
2024,8,MOZ,913012.2042022652,895531.4915677398
2024,8,MWI,1100474.2353832943,1077085.8872686196
2024,8,NGA,778588.1373283768,762802.3846449996
2024,8,NIC,705102.1262796411,688686.5313261875
2024,8,NLD,1087417.3845342118,1064373.494251113
2024,8,NOR,310445.0733482939,301406.3309747158
2024,8,NPL,84713.60734130605,83441.72478038332
2024,8,NZL,193173.62247700087,192560.8565510464
2024,8,PAK,1334800.5988478896,1306907.7401304045
2024,8,PAN,54842.85948870845,53958.37156414306
2024,8,PER,1191518.9162590874,1160456.2830921274
2024,8,PHL,2288953.026145683,2230596.8375751777
2024,8,POL,1570142.700975168,1542902.2628785763
2024,8,PRI,15418.215017051254,15097.552254413007
2024,8,PRK,207039.1952581723,201503.0642608293
2024,8,PRT,76046.73655169709,72566.74452659822
2024,8,PRY,614725.683185125,595311.135128571
2024,8,PSE,1226791.679755255,1201164.319872955
2024,8,ROU,895164.2513113233,857027.3097840302
2024,8,RUS,15101289.108485304,14657663.331403667
2024,8,RWA,1790875.796539818,1743557.7816923666
2024,8,SAU,112499.02884138488,107552.4170895792
2024,8,SDN,139799.70924358512,136681.03090854525
2024,8,SEN,7705.487139134999,7583.293125047041
2024,8,SLV,289121.1156331816,279837.8614094473
2024,8,SRB,222399.4838878257,212368.7696068434
2024,8,SVK,272296.0758856263,263620.5948417769
2024,8,SVN,20189.181935149427,19372.353843601784
2024,8,SWE,2615015.70222999,2554396.3603635537
2024,8,SWZ,12562.955193805374,12000.889772540786
2024,8,SYR,1432238.687736299,1343545.615743294
2024,8,TGO,105897.58959567026,102545.06365190902
2024,8,THA,36563.76718437087,35660.54656882607
2024,8,TJK,578795.3113213279,554784.0533383244
2024,8,TKM,23610.11879137086,22607.926619062822
2024,8,TUN,476537.5242213184,456276.2621509647
2024,8,TUR,1565203.043525262,1506168.2744245206
2024,8,TWN,9162.468502145848,9128.173971896204
2024,8,TZA,2439353.9023235817,2363908.206554198
2024,8,UGA,2076792.5501165448,2017643.138085976
2024,8,UKR,4049902.235813499,3882437.8461994887
2024,8,URY,21548.77012745202,21079.0810302923
2024,8,USA,31720280.83389448,31039806.401465826
2024,8,UZB,99306.22545039767,96118.36614977402
2024,8,VEN,1085434.0689658192,1059044.9260496043
2024,8,VNM,1235187.515663712,1204316.023847791
2024,8,YEM,15336.680352966894,14634.098006570268
2024,8,ZAF,976852.8228722168,938429.140106899
2024,8,ZMB,228283.71047923568,219934.1191333388
2024,8,ZWE,483481.4576730344,462759.3193497332
2024,9,AGO,49073.86437613557,47623.46236998139
2024,9,ALB,471112.3605268671,473350.90250516223
2024,9,ARG,139314.94301091885,132915.14407281304
2024,9,ARM,280435.802947839,280121.2788282126
2024,9,AUS,601889.3449771063,590638.0595246686
2024,9,AUT,321558.2312007658,325925.3409750803
2024,9,AZE,839609.0755272292,814322.7526055771
2024,9,BDI,1573925.3543113463,1516835.4598490605
2024,9,BEL,4321.760962102236,4245.942628041611
2024,9,BEN,203006.5360472593,197231.52294690668
2024,9,BFA,35169.79765328189,34480.47950984753
2024,9,BGD,391088.4030184154,383843.3603233713
2024,9,BGR,291220.36034883163,287766.1145068569
2024,9,BLR,52136.92497082298,51095.7219204077
2024,9,BOL,1525188.4526110722,1477986.7401851465
2024,9,BRA,12509282.378086952,11923309.105131032
2024,9,CAN,10875918.27161516,10811700.963588364
2024,9,CHE,2653945.772896036,2684254.4165286296
2024,9,CHN,28121858.852078363,27275791.68711853
2024,9,CIV,44636.58785167529,43331.30490726863
2024,9,COD,1713665.6660631937,1667253.945682433
2024,9,COG,40917.96426169807,39912.761791085184
2024,9,COL,934835.4935515724,911657.4518668944
2024,9,CUB,85206.45230442955,83389.88685612155
2024,9,CZE,69894.1167856451,68550.45767778071
2024,9,DEU,1437467.6268085449,1434547.757361002
2024,9,DNK,267443.0661036617,261954.58389805668
2024,9,DOM,150047.19481658732,147908.92903871133
2024,9,DZA,76339.5496532587,74139.9528762958
2024,9,ECU,134020.72921835535,132204.28202516434
2024,9,EGY,1891140.0042455,1830617.9743123075
2024,9,ESP,250337.3017673376,246072.39486510312
2024,9,EST,50098.8889340219,48787.849549680446
2024,9,ETH,970756.5950039352,957418.1787680696
2024,9,FIN,508935.6048113565,498672.14994786296
2024,9,FRA,1007822.7011224356,1010428.992556892
2024,9,GBR,411227.31146954274,406209.5363079796
2024,9,GEO,34023.2234565461,34038.55921170613
2024,9,GHA,55884.20537860914,54128.0442894454
2024,9,GRC,149872.95408364685,148397.81200840967
2024,9,GTM,477790.84742202976,470350.5216347695
2024,9,HKG,31532.41842087695,31173.87549705887
2024,9,HND,3004.9235624482726,2963.764353142484
2024,9,HRV,21150.27287441482,20632.106555592112
2024,9,HTI,49320.60632783797,48395.25674836797
2024,9,HUN,398941.5136414472,389120.9770507816
2024,9,IDN,1489358.611564275,1452080.3439041984
2024,9,IND,7706544.788201598,7596413.974106634
2024,9,IRL,324349.3774102616,320843.2106263586
2024,9,IRN,786005.4762301652,759794.472100303
2024,9,IRQ,2207267.6752268523,2101576.0950726382
2024,9,ISR,578535.0255384096,578179.3918107869
2024,9,ITA,2379939.2159003783,2404844.450668012
2024,9,JOR,973016.7598768772,971954.8535355662
2024,9,JPN,1989228.926645537,1942567.8655392856
2024,9,KAZ,12268.130882110912,12209.669910367387
2024,9,KEN,1476419.00414817,1431993.090268399
2024,9,KGZ,355881.36127221806,359976.8380069856
2024,9,KHM,781626.0897437865,765774.1239908945
2024,9,KOR,220348.37593835616,215837.4252358701
2024,9,LAO,4286.72030845356,4258.348651635456
2024,9,LBN,18329.926880795247,17918.281037546305
2024,9,LKA,941617.9091550563,911675.9761101032
2024,9,LTU,163977.28552322497,161022.83672722848
2024,9,LVA,189067.0112544364,185596.0368674648
2024,9,MAR,259354.83010277123,254554.0330625936
2024,9,MDA,50826.579735305975,49465.46275505952
2024,9,MDG,36003.93999453169,34815.61584410551
2024,9,MEX,3933812.70719015,3870848.917164934
2024,9,MKD,101457.3164995658,101020.5833895692
2024,9,MLI,379700.3544353333,372936.97877440014
2024,9,MMR,39684.2248759275,39332.13312860083
2024,9,MNE,246982.71319833308,249253.3239297525
2024,9,MOZ,1060137.178325542,1024614.4105009526
2024,9,MWI,1280278.4956456446,1235516.0056193254
2024,9,NGA,937356.202591665,918837.5899090376
2024,9,NIC,543302.3629060833,534284.623847251
2024,9,NLD,675653.6870124853,661903.8806549391
2024,9,NOR,171165.02996176024,166075.0245331221
2024,9,NPL,78981.65884623556,78068.8107396088
2024,9,NZL,336425.07610591943,331194.7835017683
2024,9,PAK,1609403.2258243354,1554649.3019022038
2024,9,PAN,51124.16444267347,50321.57638096968
2024,9,PER,1322979.2209835667,1279501.437114579
2024,9,PHL,1879416.551495698,1842103.4485108904
2024,9,POL,1049558.5108349991,1031599.0788753044
2024,9,PRI,14356.267935851436,14112.107522344557
2024,9,PRK,152090.93332931318,149314.19204123956
2024,9,PRT,54021.02109899265,52761.38081048883
2024,9,PRY,760674.6269576481,728965.9329919729
2024,9,PSE,968841.0114828692,967879.5280145056
2024,9,ROU,593707.2386487671,581105.4179020104
2024,9,RUS,10847114.449010026,10599215.523420658
2024,9,RWA,1807830.9018739804,1759965.6467416054
2024,9,SAU,105814.08803216006,102262.2075742242
2024,9,SDN,176652.53893827903,168418.58454825816
2024,9,SEN,6889.114996885441,6785.024702024236
2024,9,SLV,229918.1185169112,224054.5532844868
2024,9,SRB,139752.67787217407,137505.3660312128
2024,9,SVK,166552.22661574764,163891.5211797031
2024,9,SVN,11657.732868736295,11460.613951674475
2024,9,SWE,1605255.9032655575,1575385.1030628844
2024,9,SWZ,14245.651418588925,13617.471575478934
2024,9,SYR,1117125.113032407,1079789.995698095
2024,9,TGO,112487.80998067168,108796.66503497756
2024,9,THA,30498.86181172954,29965.37930116062
2024,9,TJK,473244.74066368426,459862.9521106439
2024,9,TKM,18826.83316098005,18323.512421894608
2024,9,TUN,337999.0382225146,328440.3179382201
2024,9,TUR,1068539.699788723,1052920.3244003977
2024,9,TWN,7773.016775726404,7776.712364724053
2024,9,TZA,2602303.802439772,2501017.293222939
2024,9,UGA,2229836.2417397485,2157826.849788612
2024,9,UKR,2895790.7670580386,2810967.7781205885
2024,9,URY,39104.1927919519,37666.34523481096
2024,9,USA,25136179.90661893,24766158.9782056
2024,9,UZB,78454.40886257823,77252.35113884299
2024,9,VEN,1059286.7744432115,1031195.9702202393
2024,9,VNM,900649.9696614417,888569.9477897149
2024,9,YEM,16600.40100958673,15683.7893871938
2024,9,ZAF,1097669.4565487292,1058596.167380707
2024,9,ZMB,254679.95411605056,241947.5233624928
2024,9,ZWE,545589.8127671113,517097.1774016356
2024,10,AGO,43777.93086718767,42572.451999704834
2024,10,ALB,373293.2135219134,374280.4956599748
2024,10,ARG,160459.20987099933,153379.97359058616
2024,10,ARM,234880.4315267776,239983.45014899733
2024,10,AUS,778081.5991464555,762583.8692901154
2024,10,AUT,197270.26184471205,199119.48367099164
2024,10,AZE,547648.4532451798,542380.7890792518
2024,10,BDI,1447154.4621989965,1413335.8779505123
2024,10,BEL,2038.6669302623973,2005.3694600496287
2024,10,BEN,179961.40631784505,176431.18375863228
2024,10,BFA,40321.62689359836,39247.3798056203
2024,10,BGD,389212.40371792176,385075.6970139911
2024,10,BGR,228370.9041620951,228792.7332167232
2024,10,BLR,16529.69680534354,16765.37807839924
2024,10,BOL,1729447.3904072829,1671674.5016926758
2024,10,BRA,12826306.711709214,12326460.439111603
2024,10,CAN,6667508.04782764,6801853.228718785
2024,10,CHE,1583406.728459309,1587534.614806577
2024,10,CHN,21750341.69647817,21330541.741907544
2024,10,CIV,46632.058061280906,45360.64779562751
2024,10,COD,1504170.273458491,1481057.7375820926
2024,10,COG,45030.12428679141,43862.46245737169
2024,10,COL,894473.2899235209,876618.937834323
2024,10,CUB,68228.09352448722,67438.54134971273
2024,10,CZE,36850.551060066624,36346.942552010776
2024,10,DEU,765888.634860928,769655.9757085795
2024,10,DNK,110039.02306532204,108972.23051841508
2024,10,DOM,130041.06490106264,128732.42110992451
2024,10,DZA,54701.70821559161,53183.73523765839
2024,10,ECU,122733.53818987311,121642.4193622737
2024,10,EGY,1578865.0885415506,1555111.2364128483
2024,10,ESP,172345.0958408044,168331.37678787747
2024,10,EST,16776.890072302846,16740.047741212566
2024,10,ETH,928082.9285804146,917931.3787353518
2024,10,FIN,165124.8448958999,166882.47564721553
2024,10,FRA,645367.5442629097,640412.3821906794
2024,10,GBR,189243.9715721988,186498.9525024422
2024,10,GEO,25915.1642248452,26460.894301364307
2024,10,GHA,49665.52849665807,48491.843822990944
2024,10,GRC,114466.84081607468,113616.95386366356
2024,10,GTM,385508.7566459269,382414.6479689769
2024,10,HKG,32723.392819778317,32303.158230284786
2024,10,HND,2259.50052913881,2234.9773696798
2024,10,HRV,13505.211545849515,13228.25069825042
2024,10,HTI,43431.97562392501,42850.96178617377
2024,10,HUN,270789.87612639734,265391.8528267678
2024,10,IDN,1553793.5365664975,1513925.1164106475
2024,10,IND,8835072.423007376,8693685.205705117
2024,10,IRL,158951.1781081535,156593.28479164524
2024,10,IRN,600400.357182066,589238.7790779936
2024,10,IRQ,1764354.3411521143,1717606.1075423486
2024,10,ISR,473840.9127584802,482124.0185457673
2024,10,ITA,1247245.1794262326,1256722.5115200942
2024,10,JOR,798443.6472283244,812712.1023384096
2024,10,JPN,1355551.1850382695,1330108.7550282322
2024,10,KAZ,6925.675043362984,7032.096821222934
2024,10,KEN,1595145.6153503747,1552990.42655417
2024,10,KGZ,239213.55020848737,245564.29100468615
2024,10,KHM,799710.3133640991,780199.3720451315
2024,10,KOR,174626.83391740947,173956.5135693246
2024,10,LAO,5127.7871589523975,4977.959195213644
2024,10,LBN,15038.181968125356,14803.797542498578
2024,10,LKA,759795.3088133008,744937.058098706
2024,10,LTU,53287.8565670267,53898.92145567122
2024,10,LVA,62996.768764468645,63690.2041694902
2024,10,MAR,193526.3183687527,191916.07851441024
2024,10,MDA,32188.276982066265,32280.323887587438
2024,10,MDG,38858.301950922745,37907.75242948146
2024,10,MEX,3952028.439848492,3890336.91943782
2024,10,MKD,84397.90535068588,84073.5669367712
2024,10,MLI,437299.1619348113,426279.76844023
2024,10,MMR,46512.71367445532,45989.25487266238
2024,10,MNE,190593.3958529851,192098.2459662315
2024,10,MOZ,1103933.7295262727,1067718.449269039
2024,10,MWI,1294894.0168658686,1252385.4525700288
2024,10,NGA,967838.9727497228,947469.9354366986
2024,10,NIC,551838.397284503,542731.801434459
2024,10,NLD,325795.3440973322,320351.5924764365
2024,10,NOR,58760.45196191782,58829.30598926528
2024,10,NPL,101543.53207731029,99866.89369813858
2024,10,NZL,436014.1973579585,427740.2615848123
2024,10,PAK,1441792.8107177208,1387051.4844470064
2024,10,PAN,48066.851007964186,47406.076166782135
2024,10,PER,1488719.9661468663,1434588.0981040134
2024,10,PHL,1918164.9363375497,1875675.6588259724
2024,10,POL,451420.9966278758,453926.4569325632
2024,10,PRI,13025.517657724444,12759.815472276148
2024,10,PRK,134306.6221594627,133445.87590008552
2024,10,PRT,27973.016848775464,27556.070815145285
2024,10,PRY,866081.8959155376,835576.2209489127
2024,10,PSE,792818.2348366263,807141.4788016031
2024,10,ROU,421400.2664692045,421107.3880490024
2024,10,RUS,4310651.395718792,4323046.979759311
2024,10,RWA,1748985.2782543425,1720073.333233716
2024,10,SAU,97294.05587828442,93947.95374353231
2024,10,SDN,173719.8947295629,164246.62975798157
2024,10,SEN,8216.693001994017,8102.683556513916
2024,10,SLV,236392.43740530623,229846.28646200223
2024,10,SRB,101164.0147890948,100857.57703209198
2024,10,SVK,95270.41335829457,95053.39503863249
2024,10,SVN,6964.876994049873,6851.917777237944
2024,10,SWE,563059.2420307373,572624.5650869214
2024,10,SWZ,17686.01850524209,16962.290668603797
2024,10,SYR,884149.3729542978,868836.309733159
2024,10,TGO,97391.87882365144,94993.46399360856
2024,10,THA,31304.32964767092,30547.177074293475
2024,10,TJK,291103.0248888401,287439.60331397067
2024,10,TKM,12403.362358100476,12185.19569542407
2024,10,TUN,242637.86007198028,233360.6020846616
2024,10,TUR,850561.9061377967,850971.057131855
2024,10,TWN,6654.039938943744,6600.162663602693
2024,10,TZA,2459788.912667877,2384481.103089991
2024,10,UGA,2285406.589172776,2221600.665304932
2024,10,UKR,1287014.8435461968,1289116.761980712
2024,10,URY,51465.32582704354,49620.693398647054
2024,10,USA,19528381.55825916,19456962.43018424
2024,10,UZB,45833.50072558962,45926.14355332609
2024,10,VEN,1029248.9961408792,1005047.3647779257
2024,10,VNM,986346.1597635304,966889.6562834248
2024,10,YEM,16567.10709120307,15725.683927381317
2024,10,ZAF,1430070.861050315,1379783.55339444
2024,10,ZMB,269074.09594010224,256444.61804269263
2024,10,ZWE,560184.8569369937,534706.3431971787
2024,11,AGO,50026.35991253746,48821.07439865255
2024,11,ALB,224411.04391692745,229585.95935917695
2024,11,ARG,180113.2681626734,171866.49744229252
2024,11,ARM,151163.95419964934,156601.89346842334
2024,11,AUS,767620.6377011171,749339.8643322911
2024,11,AUT,139172.1119836512,143774.26583143283
2024,11,AZE,343239.5110620344,344299.4579902071
2024,11,BDI,1166280.7250637857,1150879.4097091616
2024,11,BEL,824.3885299305712,826.509435556535
2024,11,BEN,206435.9912628639,200849.383713424
2024,11,BFA,40228.26815833164,38593.36110393871
2024,11,BGD,385823.414424155,381609.80438735854
2024,11,BGR,107822.95101209666,109009.20249222632
2024,11,BLR,4128.949056938443,4215.743362847504
2024,11,BOL,1535394.145653759,1496144.818122235
2024,11,BRA,11552626.214417806,11166220.970585806
2024,11,CAN,2657384.9068489466,2789916.9664385305
2024,11,CHE,1159619.2789195627,1186987.228234682
2024,11,CHN,15827942.494448602,15649159.27012811
2024,11,CIV,45611.25026768459,44323.39909600829
2024,11,COD,1252469.31083145,1243360.275464509
2024,11,COG,41752.41627191954,40800.99638825445
2024,11,COL,715285.2585070861,706519.8378556751
2024,11,CUB,54602.69964519683,53772.67957925468
2024,11,CZE,17616.87293241919,17655.662306311053
2024,11,DEU,386873.7160436338,397728.067692816
2024,11,DNK,25275.411834289585,25411.826510118528
2024,11,DOM,89061.108954769,88993.20925222941
2024,11,DZA,38396.86968920854,37604.10951517367
2024,11,ECU,124061.84569887552,122721.22821725914
2024,11,EGY,1054832.7649486775,1049413.8899554135
2024,11,ESP,111467.34757401489,110456.91547491134
2024,11,EST,2834.9282494511717,2845.917259998088
2024,11,ETH,962483.4941422888,947270.8814140772
2024,11,FIN,17842.11519303027,18336.57556410971
2024,11,FRA,432696.506044152,439399.3575273337
2024,11,GBR,59181.70321904856,58995.07821510917
2024,11,GEO,16376.421843116672,16842.452247661542
2024,11,GHA,53669.75775377662,52227.37790725275
2024,11,GRC,62367.70064711167,62573.52509717258
2024,11,GTM,350325.1001361283,347386.39397845505
2024,11,HKG,21347.505777795715,21292.528440041075
2024,11,HND,1980.3237511265777,1958.369073449668
2024,11,HRV,6789.328440764053,6781.055850191721
2024,11,HTI,29745.494121173757,29616.9159515932
2024,11,HUN,129578.11556035142,130172.08459801908
2024,11,IDN,1223175.6852480618,1202125.7472808117
2024,11,IND,8140273.704492022,8018797.190105104
2024,11,IRL,45929.06613306784,45744.0336077838
2024,11,IRN,382757.6770192081,378791.0385184176
2024,11,IRQ,1076658.2082407589,1070267.1620387165
2024,11,ISR,297720.66262555786,308108.16539233894
2024,11,ITA,1078692.090558722,1108963.5849676265
2024,11,JOR,499004.77911901777,516826.453636713
2024,11,JPN,999380.2864544662,1001127.8681506854
2024,11,KAZ,3911.5173698046606,4006.541837722444
2024,11,KEN,1236536.2934710109,1214082.0815625556
2024,11,KGZ,157929.5645622986,165748.94802582046
2024,11,KHM,827440.367698042,804861.2350816583
2024,11,KOR,136246.7246113593,137558.91589822344
2024,11,LAO,4141.064674728739,4037.297017074729
2024,11,LBN,8813.86558401007,8820.656376833333
2024,11,LKA,529596.5275367191,526194.8065912073
2024,11,LTU,12992.412136186413,13275.326234049326
2024,11,LVA,12730.16065289932,13032.335084718114
2024,11,MAR,144104.09784271978,143526.37966923387
2024,11,MDA,16684.81225453265,16722.57749599273
2024,11,MDG,37747.2722866655,36730.69764011937
2024,11,MEX,3661227.568359069,3580125.39616631
2024,11,MKD,46451.58922547291,47350.78771000722
2024,11,MLI,433150.80396732606,414544.177178835
2024,11,MMR,41590.18650465323,41392.06723266891
2024,11,MNE,118036.96794570023,121393.52579429526
2024,11,MOZ,1088943.290660636,1050026.7024831818
2024,11,MWI,1326188.1162522507,1278602.3001042493
2024,11,NGA,1037442.6545967768,1004014.5700741314
2024,11,NIC,418740.01633030246,412871.7677981762
2024,11,NLD,108012.567130049,108536.2638046838
2024,11,NOR,12518.36470395314,12761.09857946754
2024,11,NPL,77456.75077588334,76196.8427193434
2024,11,NZL,487395.9344610265,477529.17280940927
2024,11,PAK,1023641.468542364,996050.0346788572
2024,11,PAN,41350.15141975786,40824.85149883704
2024,11,PER,1311934.35241025,1274106.2115766257
2024,11,PHL,1809810.49344141,1770580.0567299067
2024,11,POL,158927.23201456718,161808.88924844368
2024,11,PRI,8981.956359319944,8882.49666093548
2024,11,PRK,98214.96973985423,98858.52388144494
2024,11,PRT,20901.416704679643,20715.473974567787
2024,11,PRY,818260.5991045424,787976.0724438766
2024,11,PSE,501491.4456105023,519372.8391056905
2024,11,ROU,208460.86428301077,209588.99631990105
2024,11,RUS,1436095.1157839056,1463768.5827349385
2024,11,RWA,1455457.3518729743,1443856.5278989866
2024,11,SAU,74411.54927173378,72348.06112972028
2024,11,SDN,162095.5654941792,151916.3943605731
2024,11,SEN,7776.6992540691535,7562.957715349833
2024,11,SLV,185480.29227862888,180849.8494060208
2024,11,SRB,50880.03852091288,51895.7332402112
2024,11,SVK,46381.5322289082,47197.62531997095
2024,11,SVN,4240.470852591866,4256.156768683369
2024,11,SWE,139599.30214779807,144940.82680732745
2024,11,SWZ,16681.46117672663,16118.81218013289
2024,11,SYR,513284.8544468502,513096.6830898831
2024,11,TGO,107254.03891174609,104000.05521615292
2024,11,THA,30310.038944384232,29515.22701916184
2024,11,TJK,171435.76645465483,170450.98628004745
2024,11,TKM,7977.468028940607,7893.964700689891
2024,11,TUN,174578.323392694,171697.3765970351
2024,11,TUR,448237.74672007066,452761.4421468836
2024,11,TWN,5608.036682188798,5583.056717398916
2024,11,TZA,2092929.9946193176,2041285.1312748631
2024,11,UGA,1863108.543535304,1822236.5985629773
2024,11,UKR,544569.0106224841,549427.1051866274
2024,11,URY,53565.91862792566,51808.353940362336
2024,11,USA,10161902.06204128,10292113.82801596
2024,11,UZB,28076.982850827702,28674.31621580581
2024,11,VEN,819264.4579883205,803398.3269850253
2024,11,VNM,911369.076227388,893183.7664148692
2024,11,YEM,14188.424219228404,13676.149800962772
2024,11,ZAF,1368789.1733635345,1324580.00301607
2024,11,ZMB,242007.82080507843,232538.26526315144
2024,11,ZWE,504800.0216933995,484864.8225848228
2024,12,AGO,58012.177557248346,56344.83810740091
2024,12,ALB,132702.62748250735,136197.84704421606
2024,12,ARG,197184.14784711608,188916.63251823327
2024,12,ARM,117445.00643030452,121710.57700438752
2024,12,AUS,931255.8630047394,901584.5924718004
2024,12,AUT,78662.79458001272,81904.82550854192
2024,12,AZE,253798.3096629257,255814.464293585
2024,12,BDI,1222316.0894535112,1208972.848074902
2024,12,BEL,353.9771145262749,349.0686017875021
2024,12,BEN,208500.69951020347,201901.19110352415
2024,12,BFA,37479.869235044265,36147.07220120765
2024,12,BGD,364909.6376081489,362264.918915374
2024,12,BGR,62272.232058370246,62568.05676884361
2024,12,BLR,1697.593549821576,1723.033146036588
2024,12,BOL,1589848.1630384263,1551788.9453006152
2024,12,BRA,11203881.493885787,10889075.034026854
2024,12,CAN,1818709.4147196435,1929666.9728701287
2024,12,CHE,656828.0490857275,678526.516082207
2024,12,CHN,16212550.528565409,16143263.949503005
2024,12,CIV,46162.32978436282,44666.73580759782
2024,12,COD,1269728.0404772025,1262113.7716089017
2024,12,COG,46106.07371889586,44972.174232827405
2024,12,COL,809768.5690653676,796583.8803337637
2024,12,CUB,49637.32214454297,48830.46293545021
2024,12,CZE,9371.368627761434,9330.393347093252
2024,12,DEU,201547.9857216867,208286.88559225347
2024,12,DNK,6207.044125877284,6152.687624055052
2024,12,DOM,94663.0817672549,94397.86143066952
2024,12,DZA,32136.271121608384,31965.153056820047
2024,12,ECU,103724.51108810228,102794.22287908096
2024,12,EGY,974596.6357395756,971873.9117592226
2024,12,ESP,95755.66044741488,94641.9646254501
2024,12,EST,559.4652339980705,560.0112805290697
2024,12,ETH,1042141.1349085884,1020540.9406664002
2024,12,FIN,766.8047903643193,825.7438464405624
2024,12,FRA,260687.1740515208,266584.05258366896
2024,12,GBR,21401.815093559984,21076.582394188583
2024,12,GEO,12992.96564923576,13373.831746365093
2024,12,GHA,53512.309139759054,51707.56127207311
2024,12,GRC,42820.56409186359,43146.636998531845
2024,12,GTM,349775.5476871957,346366.20864540484
2024,12,HKG,22729.73981476046,22919.565687253013
2024,12,HND,1383.391861599201,1376.633854413593
2024,12,HRV,4535.293810589898,4512.818548082894
2024,12,HTI,31448.595721257792,31233.394488764752
2024,12,HUN,77925.71499436576,77537.53514858978
2024,12,IDN,1003848.5447972794,989553.6229797554
2024,12,IND,7039435.718099598,6944300.665861558
2024,12,IRL,22945.85165609688,22642.527634344155
2024,12,IRN,338999.0020383437,338113.84598588146
2024,12,IRQ,949063.1229241705,948289.8060081584
2024,12,ISR,272914.9239362784,282883.85293129826
2024,12,ITA,753039.4552811254,780771.7379820494
2024,12,JOR,458710.4742937306,475968.1011054535
2024,12,JPN,1000516.8340305166,1011904.7691772424
2024,12,KAZ,3500.1523934136703,3639.286199267562
2024,12,KEN,1370447.907105931,1345174.7366782674
2024,12,KGZ,125977.22212715664,134984.49853292992
2024,12,KHM,717325.829229706,699136.1942051736
2024,12,KOR,127214.48254874324,129696.12067935643
2024,12,LAO,4537.289435337012,4412.510480567874
2024,12,LBN,7355.551878702456,7330.913949575082
2024,12,LKA,622945.9013981828,613276.1196155013
2024,12,LTU,4377.315591967815,4444.375445048387
2024,12,LVA,4174.855676857726,4250.266895222422
2024,12,MAR,121197.99463279745,121855.9020632168
2024,12,MDA,7703.297260814014,7719.4877235884915
2024,12,MDG,37363.88998925896,36534.35773027007
2024,12,MEX,3236084.1728493986,3174447.8325756365
2024,12,MKD,29623.80319426606,30244.32973608153
2024,12,MLI,397290.1600893009,383182.485530904
2024,12,MMR,43805.97209289087,43389.725536161335
2024,12,MNE,66340.1090795542,68529.19658314115
2024,12,MOZ,1057479.3144176025,1028090.9451543492
2024,12,MWI,1342766.233545036,1304011.635116452
2024,12,NGA,995084.751954918,966777.5052111652
2024,12,NIC,499223.2606725229,488778.0930180271
2024,12,NLD,35988.97253175037,35712.00926548805
2024,12,NOR,1427.8670269323482,1484.0207938621777
2024,12,NPL,75567.28687930864,74923.91491580407
2024,12,NZL,581656.7950644041,565349.3022687697
2024,12,PAK,906217.5419085746,899981.8050506205
2024,12,PAN,42730.90335938558,42205.34417553854
2024,12,PER,1325179.538599959,1291691.0556504114
2024,12,PHL,1365735.475101387,1345958.9220797245
2024,12,POL,60681.33557926024,61002.18703428249
2024,12,PRI,8922.53426689913,8830.705848710446
2024,12,PRK,91355.79720435195,93205.72770704744
2024,12,PRT,20158.443704858837,20117.43384543933
2024,12,PRY,866321.6453271003,844492.6946730544
2024,12,PSE,460257.1956600151,477554.0146447907
2024,12,ROU,106394.68688700536,106521.32684102553
2024,12,RUS,697578.9501194877,716497.8166696833
2024,12,RWA,1542424.7346552855,1528765.730694745
2024,12,SAU,68330.56678556575,66523.30240028042
2024,12,SDN,153698.7994896271,145672.50200240573
2024,12,SEN,6236.380564681332,6028.495369440902
2024,12,SLV,205394.4380994321,199005.48273548463
2024,12,SRB,26839.003359924038,27064.294839577076
2024,12,SVK,25687.23105058385,25857.6403939896
2024,12,SVN,2807.1925792352386,2800.534181952176
2024,12,SWE,20988.381545112577,22168.81997385404
2024,12,SWZ,16600.51958576316,15921.475741374536
2024,12,SYR,411871.1139737282,411457.2767258828
2024,12,TGO,107372.1874810715,103822.58119772412
2024,12,THA,29544.46091767813,28709.334305559216
2024,12,TJK,161219.36640901596,162343.00078649665
2024,12,TKM,6574.048006304137,6525.191732567106
2024,12,TUN,120366.31343325648,118762.79983701315
2024,12,TUR,292740.79211497336,296020.5565184774
2024,12,TWN,5159.732746673423,5136.11438556554
2024,12,TZA,2090358.7410003736,2048393.3154715104
2024,12,UGA,2035181.7432742675,1986079.1653539287
2024,12,UKR,242570.75987205,241856.6302841916
2024,12,URY,59885.73646307716,58481.08494045603
2024,12,USA,7982975.326795584,8069865.149551222
2024,12,UZB,26919.138132913387,28335.271622252418
2024,12,VEN,824616.5484999861,807652.9246599138
2024,12,VNM,653497.550021868,645084.8706407311
2024,12,YEM,13739.558061562966,13459.00966894402
2024,12,ZAF,1392889.7990551929,1344050.97068259
2024,12,ZMB,283086.709349445,269850.48160253
2024,12,ZWE,592061.2877491496,564131.8415729686
